base_url,region,year,year_url
https://www.mrae.developpement-durable.gouv.fr/avis-rendus-sur-projets-r304.html,Auvergne-Rhône-Alpes,2025,https://www.mrae.developpement-durable.gouv.fr/avis-rendus-sur-projets-de-la-mrae-auvergne-rhone-a1416.html
https://www.mrae.developpement-durable.gouv.fr/avis-rendus-sur-projets-r304.html,Auvergne-Rhône-Alpes,2024,https://www.mrae.developpement-durable.gouv.fr/avis-rendus-sur-projets-de-la-mrae-auvergne-rhone-a1308.html
https://www.mrae.developpement-durable.gouv.fr/avis-rendus-sur-projets-r304.html,Auvergne-Rhône-Alpes,2023,https://www.mrae.developpement-durable.gouv.fr/avis-rendus-sur-projets-de-la-mrae-auvergne-rhone-a1198.html
https://www.mrae.developpement-durable.gouv.fr/avis-rendus-sur-projets-r304.html,Auvergne-Rhône-Alpes,2022,https://www.mrae.developpement-durable.gouv.fr/avis-rendus-sur-projets-de-la-mrae-auvergne-rhone-a892.html
https://www.mrae.developpement-durable.gouv.fr/avis-rendus-sur-projets-r304.html,Auvergne-Rhône-Alpes,2026,https://www.mrae.developpement-durable.gouv.fr/avis-rendus-sur-projets-de-la-mrae-auvergne-rhone-a1504.html
https://www.mrae.developpement-durable.gouv.fr/avis-rendus-sur-projets-r304.html,Auvergne-Rhône-Alpes,2021,https://www.mrae.developpement-durable.gouv.fr/avis-rendus-sur-projets-de-la-mrae-auvergne-rhone-a768.html
https://www.mrae.developpement-durable.gouv.fr/avis-rendus-sur-projets-r304.html,Auvergne-Rhône-Alpes,2020,https://www.mrae.developpement-durable.gouv.fr/avis-rendus-sur-projets-de-la-mrae-auvergne-rhone-a444.html
https://www.mrae.developpement-durable.gouv.fr/avis-rendus-sur-projets-r304.html,Auvergne-Rhône-Alpes,2019,https://www.mrae.developpement-durable.gouv.fr/avis-rendus-sur-projets-de-la-mrae-auvergne-rhone-a850.html
https://www.mrae.developpement-durable.gouv.fr/avis-rendus-sur-projets-r304.html,Auvergne-Rhône-Alpes,2018,https://www.mrae.developpement-durable.gouv.fr/avis-rendus-sur-projets-de-la-mrae-auvergne-rhone-a849.html
https://www.mrae.developpement-durable.gouv.fr/avis-rendus-sur-projets-r305.html,Bourgogne Franche-Comté,2026,https://www.mrae.developpement-durable.gouv.fr/avis-rendus-sur-projets-de-la-mrae-bourgogne-a1508.html
https://www.mrae.developpement-durable.gouv.fr/avis-rendus-sur-projets-r305.html,Bourgogne Franche-Comté,2025,https://www.mrae.developpement-durable.gouv.fr/avis-rendus-sur-projets-de-la-mrae-bourgogne-a1420.html
https://www.mrae.developpement-durable.gouv.fr/avis-rendus-sur-projets-r305.html,Bourgogne Franche-Comté,2024,https://www.mrae.developpement-durable.gouv.fr/avis-rendus-sur-projets-de-la-mrae-bourgogne-a1312.html
https://www.mrae.developpement-durable.gouv.fr/avis-rendus-sur-projets-r305.html,Bourgogne Franche-Comté,2023,https://www.mrae.developpement-durable.gouv.fr/avis-rendus-sur-projets-de-la-mrae-bourgogne-a1199.html
https://www.mrae.developpement-durable.gouv.fr/avis-rendus-sur-projets-r305.html,Bourgogne Franche-Comté,2022,https://www.mrae.developpement-durable.gouv.fr/avis-rendus-sur-projets-de-la-mrae-bourgogne-a878.html
https://www.mrae.developpement-durable.gouv.fr/avis-rendus-sur-projets-r305.html,Bourgogne Franche-Comté,2021,https://www.mrae.developpement-durable.gouv.fr/avis-rendus-sur-projets-de-la-mrae-bourgogne-a797.html
https://www.mrae.developpement-durable.gouv.fr/avis-rendus-sur-projets-r305.html,Bourgogne Franche-Comté,2020,https://www.mrae.developpement-durable.gouv.fr/avis-rendus-sur-projets-de-la-mrae-bourgogne-a622.html
https://www.mrae.developpement-durable.gouv.fr/avis-rendus-sur-projets-r305.html,Bourgogne Franche-Comté,2019,https://www.mrae.developpement-durable.gouv.fr/avis-rendus-sur-projets-de-la-mrae-bourgogne-a492.html
https://www.mrae.developpement-durable.gouv.fr/avis-rendus-sur-projets-r305.html,Bourgogne Franche-Comté,2018,https://www.mrae.developpement-durable.gouv.fr/avis-rendus-sur-projets-de-la-mrae-bourgogne-a491.html
https://www.mrae.developpement-durable.gouv.fr/avis-rendus-sur-projets-r306.html,Bretagne,2025,https://www.mrae.developpement-durable.gouv.fr/avis-rendus-sur-projets-de-la-mrae-bretagne-en-a1424.html
https://www.mrae.developpement-durable.gouv.fr/avis-rendus-sur-projets-r306.html,Bretagne,2024,https://www.mrae.developpement-durable.gouv.fr/avis-rendus-sur-projets-de-la-mrae-bretagne-en-a1316.html
https://www.mrae.developpement-durable.gouv.fr/avis-rendus-sur-projets-r306.html,Bretagne,2023,https://www.mrae.developpement-durable.gouv.fr/avis-rendus-sur-projets-de-la-mrae-bretagne-en-a1200.html
https://www.mrae.developpement-durable.gouv.fr/avis-rendus-sur-projets-r306.html,Bretagne,2022,https://www.mrae.developpement-durable.gouv.fr/avis-rendus-sur-projets-de-la-mrae-bretagne-en-a881.html
https://www.mrae.developpement-durable.gouv.fr/avis-rendus-sur-projets-r306.html,Bretagne,2021,https://www.mrae.developpement-durable.gouv.fr/avis-rendus-sur-projets-de-la-mrae-bretagne-en-a756.html
https://www.mrae.developpement-durable.gouv.fr/avis-rendus-sur-projets-r306.html,Bretagne,2020,https://www.mrae.developpement-durable.gouv.fr/avis-rendus-sur-projets-de-la-mrae-bretagne-en-a651.html
https://www.mrae.developpement-durable.gouv.fr/avis-rendus-sur-projets-r306.html,Bretagne,2019,https://www.mrae.developpement-durable.gouv.fr/avis-rendus-sur-projets-de-la-mrae-bretagne-en-a511.html
https://www.mrae.developpement-durable.gouv.fr/avis-rendus-sur-projets-r306.html,Bretagne,2018,https://www.mrae.developpement-durable.gouv.fr/avis-rendus-sur-projets-de-la-mrae-bretagne-en-a510.html
https://www.mrae.developpement-durable.gouv.fr/avis-rendus-sur-projets-r307.html,Centre-Val de Loire,2025,https://www.mrae.developpement-durable.gouv.fr/avis-rendus-sur-projets-de-la-mrae-centre-val-de-a1428.html
https://www.mrae.developpement-durable.gouv.fr/avis-rendus-sur-projets-r307.html,Centre-Val de Loire,2024,https://www.mrae.developpement-durable.gouv.fr/avis-rendus-sur-projets-de-la-mrae-centre-val-de-a1320.html
https://www.mrae.developpement-durable.gouv.fr/avis-rendus-sur-projets-r307.html,Centre-Val de Loire,2023,https://www.mrae.developpement-durable.gouv.fr/avis-rendus-sur-projets-de-la-mrae-centre-val-de-a1201.html
https://www.mrae.developpement-durable.gouv.fr/avis-rendus-sur-projets-r307.html,Centre-Val de Loire,2022,https://www.mrae.developpement-durable.gouv.fr/avis-rendus-sur-projets-de-la-mrae-centre-val-de-a900.html
https://www.mrae.developpement-durable.gouv.fr/avis-rendus-sur-projets-r307.html,Centre-Val de Loire,2021,https://www.mrae.developpement-durable.gouv.fr/avis-rendus-sur-projets-de-la-mrae-centre-val-de-a766.html
https://www.mrae.developpement-durable.gouv.fr/avis-rendus-sur-projets-r307.html,Centre-Val de Loire,2020,https://www.mrae.developpement-durable.gouv.fr/avis-rendus-sur-projets-de-la-mrae-centre-val-de-a639.html
https://www.mrae.developpement-durable.gouv.fr/avis-rendus-sur-projets-r307.html,Centre-Val de Loire,2019,https://www.mrae.developpement-durable.gouv.fr/avis-rendus-sur-projets-de-la-mrae-centre-val-de-a498.html
https://www.mrae.developpement-durable.gouv.fr/avis-rendus-sur-projets-r307.html,Centre-Val de Loire,2018,https://www.mrae.developpement-durable.gouv.fr/avis-rendus-sur-projets-de-la-mrae-centre-val-de-a497.html
https://www.mrae.developpement-durable.gouv.fr/avis-rendus-sur-projets-r307.html,Centre-Val de Loire,2017,https://www.mrae.developpement-durable.gouv.fr/avis-rendus-sur-projets-de-la-mrae-centre-val-de-a400.html
https://www.mrae.developpement-durable.gouv.fr/avis-rendus-sur-projets-r308.html,Corse,2025,https://www.mrae.developpement-durable.gouv.fr/avis-rendus-sur-projets-de-la-mrae-corse-en-2025-a1431.html
https://www.mrae.developpement-durable.gouv.fr/avis-rendus-sur-projets-r308.html,Corse,2024,https://www.mrae.developpement-durable.gouv.fr/avis-rendus-sur-projets-de-la-mrae-corse-en-2024-a1324.html
https://www.mrae.developpement-durable.gouv.fr/avis-rendus-sur-projets-r308.html,Corse,2023,https://www.mrae.developpement-durable.gouv.fr/avis-rendus-sur-projets-de-la-mrae-corse-en-2023-a1202.html
https://www.mrae.developpement-durable.gouv.fr/avis-rendus-sur-projets-r308.html,Corse,2022,https://www.mrae.developpement-durable.gouv.fr/avis-rendus-sur-projets-de-la-mrae-corse-en-2022-a909.html
https://www.mrae.developpement-durable.gouv.fr/avis-rendus-sur-projets-r308.html,Corse,2021,https://www.mrae.developpement-durable.gouv.fr/avis-rendus-sur-projets-de-la-mrae-corse-en-2021-a804.html
https://www.mrae.developpement-durable.gouv.fr/avis-rendus-sur-projets-r308.html,Corse,2020,https://www.mrae.developpement-durable.gouv.fr/avis-rendus-sur-projets-de-la-mrae-corse-en-2020-a460.html
https://www.mrae.developpement-durable.gouv.fr/avis-rendus-sur-projets-r308.html,Corse,2009,https://www.mrae.developpement-durable.gouv.fr/avis-rendus-sur-projets-de-la-mrae-corse-de-2009-a-a821.html
https://www.mrae.developpement-durable.gouv.fr/avis-rendus-sur-projets-r302.html,Grand Est,2026,https://www.mrae.developpement-durable.gouv.fr/avis-rendus-sur-projets-de-la-mrae-grand-est-en-a1533.html
https://www.mrae.developpement-durable.gouv.fr/avis-rendus-sur-projets-r302.html,Grand Est,2025,https://www.mrae.developpement-durable.gouv.fr/avis-rendus-sur-projets-de-la-mrae-grand-est-en-a1412.html
https://www.mrae.developpement-durable.gouv.fr/avis-rendus-sur-projets-r302.html,Grand Est,2024,https://www.mrae.developpement-durable.gouv.fr/avis-rendus-sur-projets-de-la-mrae-grand-est-en-a1327.html
https://www.mrae.developpement-durable.gouv.fr/avis-rendus-sur-projets-r302.html,Grand Est,2023,https://www.mrae.developpement-durable.gouv.fr/avis-rendus-sur-projets-de-la-mrae-grand-est-en-a1196.html
https://www.mrae.developpement-durable.gouv.fr/avis-rendus-sur-projets-r302.html,Grand Est,2022,https://www.mrae.developpement-durable.gouv.fr/avis-rendus-sur-projets-de-la-mrae-grand-est-en-a870.html
https://www.mrae.developpement-durable.gouv.fr/avis-rendus-sur-projets-r302.html,Grand Est,2021,https://www.mrae.developpement-durable.gouv.fr/avis-rendus-sur-projets-de-la-mrae-grand-est-en-a780.html
https://www.mrae.developpement-durable.gouv.fr/avis-rendus-sur-projets-r302.html,Grand Est,2020,https://www.mrae.developpement-durable.gouv.fr/avis-rendus-sur-projets-de-la-mrae-grand-est-en-a641.html
https://www.mrae.developpement-durable.gouv.fr/avis-rendus-sur-projets-r302.html,Grand Est,2019,https://www.mrae.developpement-durable.gouv.fr/avis-rendus-sur-projets-de-la-mrae-grand-est-en-a515.html
https://www.mrae.developpement-durable.gouv.fr/avis-rendus-sur-projets-r302.html,Grand Est,2018,https://www.mrae.developpement-durable.gouv.fr/avis-rendus-sur-projets-de-la-mrae-grand-est-en-a514.html
https://www.mrae.developpement-durable.gouv.fr/avis-rendus-sur-projets-r302.html,Grand Est,2017,https://www.mrae.developpement-durable.gouv.fr/avis-rendus-sur-projets-de-la-mrae-grand-est-en-a370.html
https://www.mrae.developpement-durable.gouv.fr/avis-rendus-sur-projets-r315.html,Guadeloupe,2025,https://www.mrae.developpement-durable.gouv.fr/avis-rendus-sur-projets-de-la-mrae-guadeloupe-en-a1434.html
https://www.mrae.developpement-durable.gouv.fr/avis-rendus-sur-projets-r315.html,Guadeloupe,2024,https://www.mrae.developpement-durable.gouv.fr/avis-rendus-sur-projets-de-la-mrae-guadeloupe-en-a1331.html
https://www.mrae.developpement-durable.gouv.fr/avis-rendus-sur-projets-r315.html,Guadeloupe,2023,https://www.mrae.developpement-durable.gouv.fr/avis-rendus-sur-projets-de-la-mrae-guadeloupe-en-a1209.html
https://www.mrae.developpement-durable.gouv.fr/avis-rendus-sur-projets-r315.html,Guadeloupe,2022,https://www.mrae.developpement-durable.gouv.fr/avis-rendus-sur-projets-de-la-mrae-guadeloupe-en-a914.html
https://www.mrae.developpement-durable.gouv.fr/avis-rendus-sur-projets-r315.html,Guadeloupe,2021,https://www.mrae.developpement-durable.gouv.fr/avis-rendus-sur-projets-de-la-mrae-guadeloupe-en-a677.html
https://www.mrae.developpement-durable.gouv.fr/avis-rendus-sur-projets-r315.html,Guadeloupe,2020,https://www.mrae.developpement-durable.gouv.fr/avis-rendus-sur-projets-de-la-mrae-guadeloupe-en-a810.html
https://www.mrae.developpement-durable.gouv.fr/avis-rendus-sur-projets-r315.html,Guadeloupe,2019,https://www.mrae.developpement-durable.gouv.fr/avis-rendus-sur-projets-de-la-mrae-guadeloupe-en-a575.html
https://www.mrae.developpement-durable.gouv.fr/avis-rendus-sur-projets-r316.html,Guyane,2025,https://www.mrae.developpement-durable.gouv.fr/avis-rendus-sur-projets-de-la-mrae-guyane-en-2025-a1438.html
https://www.mrae.developpement-durable.gouv.fr/avis-rendus-sur-projets-r316.html,Guyane,2024,https://www.mrae.developpement-durable.gouv.fr/avis-rendus-sur-projets-de-la-mrae-guyane-en-2024-a1334.html
https://www.mrae.developpement-durable.gouv.fr/avis-rendus-sur-projets-r316.html,Guyane,2023,https://www.mrae.developpement-durable.gouv.fr/avis-rendus-sur-projets-de-la-mrae-guyane-en-2023-a1210.html
https://www.mrae.developpement-durable.gouv.fr/avis-rendus-sur-projets-r316.html,Guyane,2022,https://www.mrae.developpement-durable.gouv.fr/avis-rendus-sur-projets-de-la-mrae-guyane-en-2022-a535.html
https://www.mrae.developpement-durable.gouv.fr/avis-rendus-sur-projets-r316.html,Guyane,2021,https://www.mrae.developpement-durable.gouv.fr/avis-rendus-sur-projets-de-la-mrae-guyane-en-2021-a974.html
https://www.mrae.developpement-durable.gouv.fr/avis-rendus-sur-projets-r316.html,Guyane,2020,https://www.mrae.developpement-durable.gouv.fr/avis-rendus-sur-projets-de-la-mrae-guyane-en-2020-a813.html
https://www.mrae.developpement-durable.gouv.fr/avis-rendus-sur-projets-r316.html,Guyane,2019,https://www.mrae.developpement-durable.gouv.fr/avis-rendus-sur-projets-de-la-mrae-guyane-en-2019-a683.html
https://www.mrae.developpement-durable.gouv.fr/avis-rendus-sur-projets-r316.html,Guyane,2018,https://www.mrae.developpement-durable.gouv.fr/avis-rendus-sur-projets-de-la-mrae-guyane-en-2018-a534.html
https://www.mrae.developpement-durable.gouv.fr/avis-rendus-sur-projets-r311.html,Hauts-de-France,2025,https://www.mrae.developpement-durable.gouv.fr/avis-rendus-sur-projets-de-la-mrae-hauts-de-france-a1442.html
https://www.mrae.developpement-durable.gouv.fr/avis-rendus-sur-projets-r311.html,Hauts-de-France,2024,https://www.mrae.developpement-durable.gouv.fr/avis-rendus-sur-projets-de-la-mrae-hauts-de-france-a1337.html
https://www.mrae.developpement-durable.gouv.fr/avis-rendus-sur-projets-r311.html,Hauts-de-France,2023,https://www.mrae.developpement-durable.gouv.fr/avis-rendus-sur-projets-de-la-mrae-hauts-de-france-a1205.html
https://www.mrae.developpement-durable.gouv.fr/avis-rendus-sur-projets-r311.html,Hauts-de-France,2022,https://www.mrae.developpement-durable.gouv.fr/avis-rendus-sur-projets-de-la-mrae-hauts-de-france-a880.html
https://www.mrae.developpement-durable.gouv.fr/avis-rendus-sur-projets-r311.html,Hauts-de-France,2021,https://www.mrae.developpement-durable.gouv.fr/avis-rendus-sur-projets-de-la-mrae-hauts-de-france-a777.html
https://www.mrae.developpement-durable.gouv.fr/avis-rendus-sur-projets-r311.html,Hauts-de-France,2020,https://www.mrae.developpement-durable.gouv.fr/avis-rendus-sur-projets-de-la-mrae-hauts-de-france-a642.html
https://www.mrae.developpement-durable.gouv.fr/avis-rendus-sur-projets-r311.html,Hauts-de-France,2019,https://www.mrae.developpement-durable.gouv.fr/avis-rendus-sur-projets-de-la-mrae-hauts-de-france-a475.html
https://www.mrae.developpement-durable.gouv.fr/avis-rendus-sur-projets-r311.html,Hauts-de-France,2018,https://www.mrae.developpement-durable.gouv.fr/avis-rendus-sur-projets-de-la-mrae-hauts-de-france-a474.html
https://www.mrae.developpement-durable.gouv.fr/avis-rendus-sur-projets-r309.html,Île-de-France,2025,https://www.mrae.developpement-durable.gouv.fr/avis-rendus-sur-projets-de-la-mrae-ile-de-france-a1446.html
https://www.mrae.developpement-durable.gouv.fr/avis-rendus-sur-projets-r309.html,Île-de-France,2024,https://www.mrae.developpement-durable.gouv.fr/avis-rendus-sur-projets-de-la-mrae-ile-de-france-a1340.html
https://www.mrae.developpement-durable.gouv.fr/avis-rendus-sur-projets-r309.html,Île-de-France,2023,https://www.mrae.developpement-durable.gouv.fr/avis-rendus-sur-projets-de-la-mrae-ile-de-france-a1203.html
https://www.mrae.developpement-durable.gouv.fr/avis-rendus-sur-projets-r309.html,Île-de-France,2022,https://www.mrae.developpement-durable.gouv.fr/avis-rendus-sur-projets-de-la-mrae-ile-de-france-a879.html
https://www.mrae.developpement-durable.gouv.fr/avis-rendus-sur-projets-r309.html,Île-de-France,2021,https://www.mrae.developpement-durable.gouv.fr/avis-rendus-sur-projets-de-la-mrae-ile-de-france-a783.html
https://www.mrae.developpement-durable.gouv.fr/avis-rendus-sur-projets-r309.html,Île-de-France,2020,https://www.mrae.developpement-durable.gouv.fr/avis-rendus-sur-projet-de-la-mrae-ile-de-france-en-a650.html
https://www.mrae.developpement-durable.gouv.fr/avis-rendus-sur-projets-r309.html,Île-de-France,2019,https://www.mrae.developpement-durable.gouv.fr/avis-rendus-sur-projets-de-la-mrae-ile-de-france-a525.html
https://www.mrae.developpement-durable.gouv.fr/avis-rendus-sur-projets-r309.html,Île-de-France,2018,https://www.mrae.developpement-durable.gouv.fr/avis-rendus-sur-projet-de-la-mrae-ile-de-france-en-a524.html
https://www.mrae.developpement-durable.gouv.fr/avis-rendus-sur-projets-r319.html,La Réunion,2025,https://www.mrae.developpement-durable.gouv.fr/avis-rendus-sur-projets-de-la-mrae-de-la-reunion-a1449.html
https://www.mrae.developpement-durable.gouv.fr/avis-rendus-sur-projets-r319.html,La Réunion,2024,https://www.mrae.developpement-durable.gouv.fr/avis-rendus-sur-projets-de-la-mrae-de-la-reunion-a1345.html
https://www.mrae.developpement-durable.gouv.fr/avis-rendus-sur-projets-r319.html,La Réunion,2023,https://www.mrae.developpement-durable.gouv.fr/avis-rendus-sur-projets-de-la-mrae-de-la-reunion-a1213.html
https://www.mrae.developpement-durable.gouv.fr/avis-rendus-sur-projets-r319.html,La Réunion,2022,https://www.mrae.developpement-durable.gouv.fr/avis-rendus-sur-projets-de-la-mrae-de-la-reunion-a915.html
https://www.mrae.developpement-durable.gouv.fr/avis-rendus-sur-projets-r319.html,La Réunion,2021,https://www.mrae.developpement-durable.gouv.fr/avis-rendus-sur-projets-de-la-mrae-de-la-reunion-a559.html
https://www.mrae.developpement-durable.gouv.fr/avis-rendus-sur-projets-r319.html,La Réunion,2020,https://www.mrae.developpement-durable.gouv.fr/avis-rendus-sur-projets-de-la-mrae-de-la-reunion-a841.html
https://www.mrae.developpement-durable.gouv.fr/avis-rendus-sur-projets-r319.html,La Réunion,2019,https://www.mrae.developpement-durable.gouv.fr/avis-rendus-sur-projets-de-la-mrae-de-la-reunion-a691.html
https://www.mrae.developpement-durable.gouv.fr/avis-rendus-sur-projets-r319.html,La Réunion,2018,https://www.mrae.developpement-durable.gouv.fr/avis-rendus-sur-projets-de-la-mrae-de-la-reunion-a558.html
https://www.mrae.developpement-durable.gouv.fr/avis-rendus-sur-projets-r317.html,Martinique,2025,https://www.mrae.developpement-durable.gouv.fr/avis-rendus-sur-projets-de-la-mrae-de-la-a1453.html
https://www.mrae.developpement-durable.gouv.fr/avis-rendus-sur-projets-r317.html,Martinique,2024,https://www.mrae.developpement-durable.gouv.fr/avis-rendus-sur-projets-de-la-mrae-de-la-a1349.html
https://www.mrae.developpement-durable.gouv.fr/avis-rendus-sur-projets-r317.html,Martinique,2023,https://www.mrae.developpement-durable.gouv.fr/avis-rendus-sur-projets-de-la-mrae-de-la-a1211.html
https://www.mrae.developpement-durable.gouv.fr/avis-rendus-sur-projets-r317.html,Martinique,2022,https://www.mrae.developpement-durable.gouv.fr/avis-rendus-sur-projets-de-la-mrae-de-la-a555.html
https://www.mrae.developpement-durable.gouv.fr/avis-rendus-sur-projets-r317.html,Martinique,2021,https://www.mrae.developpement-durable.gouv.fr/avis-rendus-sur-projets-de-la-mrae-de-la-a975.html
https://www.mrae.developpement-durable.gouv.fr/avis-rendus-sur-projets-r317.html,Martinique,2019,https://www.mrae.developpement-durable.gouv.fr/avis-rendus-sur-projets-de-la-mrae-de-la-a686.html
https://www.mrae.developpement-durable.gouv.fr/avis-rendus-sur-projets-r317.html,Martinique,2018,https://www.mrae.developpement-durable.gouv.fr/avis-rendus-sur-projets-de-la-mrae-de-la-a554.html
https://www.mrae.developpement-durable.gouv.fr/avis-rendus-sur-projets-r318.html,Mayotte,2024,https://www.mrae.developpement-durable.gouv.fr/avis-rendus-sur-projets-de-la-mrae-mayotte-en-2024-a1352.html
https://www.mrae.developpement-durable.gouv.fr/avis-rendus-sur-projets-r318.html,Mayotte,2025,https://www.mrae.developpement-durable.gouv.fr/avis-rendus-sur-projets-de-la-mrae-mayotte-en-2025-a1455.html
https://www.mrae.developpement-durable.gouv.fr/avis-rendus-sur-projets-r318.html,Mayotte,2023,https://www.mrae.developpement-durable.gouv.fr/avis-rendus-sur-projets-de-la-mrae-mayotte-en-2023-a1212.html
https://www.mrae.developpement-durable.gouv.fr/avis-rendus-sur-projets-r318.html,Mayotte,2018,https://www.mrae.developpement-durable.gouv.fr/avis-rendus-sur-projets-de-la-mrae-mayotte-de-2018-a593.html
https://www.mrae.developpement-durable.gouv.fr/avis-rendus-sur-projets-r303.html,Nouvelle-Aquitaine,2025,https://www.mrae.developpement-durable.gouv.fr/avis-rendus-sur-projets-de-la-mrae-nouvelle-a1463.html
https://www.mrae.developpement-durable.gouv.fr/avis-rendus-sur-projets-r303.html,Nouvelle-Aquitaine,2024,https://www.mrae.developpement-durable.gouv.fr/avis-rendus-sur-projets-de-la-mrae-nouvelle-a1360.html
https://www.mrae.developpement-durable.gouv.fr/avis-rendus-sur-projets-r303.html,Nouvelle-Aquitaine,2023,https://www.mrae.developpement-durable.gouv.fr/avis-rendus-sur-projets-de-la-mrae-nouvelle-a1197.html
https://www.mrae.developpement-durable.gouv.fr/avis-rendus-sur-projets-r303.html,Nouvelle-Aquitaine,2021,https://www.mrae.developpement-durable.gouv.fr/avis-rendus-sur-projets-de-la-mrae-nouvelle-a1063.html
https://www.mrae.developpement-durable.gouv.fr/avis-rendus-sur-projets-r303.html,Nouvelle-Aquitaine,2022,https://www.mrae.developpement-durable.gouv.fr/avis-rendus-sur-projets-de-la-mrae-nouvelle-a882.html
https://www.mrae.developpement-durable.gouv.fr/avis-rendus-sur-projets-r303.html,Nouvelle-Aquitaine,2020,https://www.mrae.developpement-durable.gouv.fr/avis-rendus-sur-projets-de-la-mrae-nouvelle-a1064.html
https://www.mrae.developpement-durable.gouv.fr/avis-rendus-sur-projets-r303.html,Nouvelle-Aquitaine,2019,https://www.mrae.developpement-durable.gouv.fr/avis-rendus-sur-projets-de-la-mrae-nouvelle-a1066.html
https://www.mrae.developpement-durable.gouv.fr/avis-rendus-sur-projets-r303.html,Nouvelle-Aquitaine,2018,https://www.mrae.developpement-durable.gouv.fr/avis-rendus-sur-projets-de-la-mrae-nouvelle-a1065.html
https://www.mrae.developpement-durable.gouv.fr/avis-rendus-sur-projets-r303.html,Nouvelle-Aquitaine,2017,https://www.mrae.developpement-durable.gouv.fr/avis-rendus-sur-projets-de-la-mrae-nouvelle-a396.html
https://www.mrae.developpement-durable.gouv.fr/avis-rendus-sur-projets-r312.html,Normandie,2025,https://www.mrae.developpement-durable.gouv.fr/avis-rendus-sur-projets-de-la-mrae-normandie-en-a1459.html
https://www.mrae.developpement-durable.gouv.fr/avis-rendus-sur-projets-r312.html,Normandie,2024,https://www.mrae.developpement-durable.gouv.fr/avis-rendus-sur-projets-de-la-mrae-normandie-en-a1356.html
https://www.mrae.developpement-durable.gouv.fr/avis-rendus-sur-projets-r312.html,Normandie,2023,https://www.mrae.developpement-durable.gouv.fr/avis-rendus-sur-projets-de-la-mrae-normandie-en-a1206.html
https://www.mrae.developpement-durable.gouv.fr/avis-rendus-sur-projets-r312.html,Normandie,2022,https://www.mrae.developpement-durable.gouv.fr/avis-rendus-sur-projets-de-la-mrae-normandie-en-a891.html
https://www.mrae.developpement-durable.gouv.fr/avis-rendus-sur-projets-r312.html,Normandie,2021,https://www.mrae.developpement-durable.gouv.fr/avis-rendus-sur-projets-de-la-mrae-normandie-en-a789.html
https://www.mrae.developpement-durable.gouv.fr/avis-rendus-sur-projets-r312.html,Normandie,2020,https://www.mrae.developpement-durable.gouv.fr/avis-rendus-sur-projets-de-la-mrae-normandie-en-a541.html
https://www.mrae.developpement-durable.gouv.fr/avis-rendus-sur-projets-r312.html,Normandie,2019,https://www.mrae.developpement-durable.gouv.fr/avis-rendus-sur-projets-de-la-mrae-normandie-en-a972.html
https://www.mrae.developpement-durable.gouv.fr/avis-rendus-sur-projets-r312.html,Normandie,2018,https://www.mrae.developpement-durable.gouv.fr/avis-rendus-sur-projets-de-la-mrae-normandie-en-a540.html
https://www.mrae.developpement-durable.gouv.fr/avis-rendus-sur-projets-r310.html,Occitanie,2025,https://www.mrae.developpement-durable.gouv.fr/avis-rendus-sur-projets-de-la-mrae-occitanie-en-a1467.html
https://www.mrae.developpement-durable.gouv.fr/avis-rendus-sur-projets-r310.html,Occitanie,2024,https://www.mrae.developpement-durable.gouv.fr/avis-rendus-sur-projets-de-la-mrae-occitanie-en-a1365.html
https://www.mrae.developpement-durable.gouv.fr/avis-rendus-sur-projets-r310.html,Occitanie,2023,https://www.mrae.developpement-durable.gouv.fr/avis-rendus-sur-projets-de-la-mrae-occitanie-en-a1204.html
https://www.mrae.developpement-durable.gouv.fr/avis-rendus-sur-projets-r310.html,Occitanie,2022,https://www.mrae.developpement-durable.gouv.fr/avis-rendus-sur-projets-de-la-mrae-occitanie-en-a890.html
https://www.mrae.developpement-durable.gouv.fr/avis-rendus-sur-projets-r310.html,Occitanie,2021,https://www.mrae.developpement-durable.gouv.fr/avis-rendus-sur-projets-de-la-mrae-occitanie-en-a761.html
https://www.mrae.developpement-durable.gouv.fr/avis-rendus-sur-projets-r310.html,Occitanie,2020,https://www.mrae.developpement-durable.gouv.fr/avis-rendus-sur-projets-de-la-mrae-occitanie-en-a634.html
https://www.mrae.developpement-durable.gouv.fr/avis-rendus-sur-projets-r310.html,Occitanie,2019,https://www.mrae.developpement-durable.gouv.fr/avis-rendus-sur-projets-de-la-mrae-occitanie-en-a521.html
https://www.mrae.developpement-durable.gouv.fr/avis-rendus-sur-projets-r310.html,Occitanie,2018,https://www.mrae.developpement-durable.gouv.fr/avis-rendus-sur-projets-de-la-mrae-occitanie-en-a520.html
https://www.mrae.developpement-durable.gouv.fr/avis-rendus-sur-projets-r313.html,Pays de la Loire,2026,https://www.mrae.developpement-durable.gouv.fr/avis-rendus-sur-projets-de-la-mrae-pays-de-la-a1541.html
https://www.mrae.developpement-durable.gouv.fr/avis-rendus-sur-projets-r313.html,Pays de la Loire,2025,https://www.mrae.developpement-durable.gouv.fr/avis-rendus-sur-projets-de-la-mrae-pays-de-la-a1471.html
https://www.mrae.developpement-durable.gouv.fr/avis-rendus-sur-projets-r313.html,Pays de la Loire,2024,https://www.mrae.developpement-durable.gouv.fr/avis-rendus-sur-projets-de-la-mrae-pays-de-la-a1375.html
https://www.mrae.developpement-durable.gouv.fr/avis-rendus-sur-projets-r313.html,Pays de la Loire,2023,https://www.mrae.developpement-durable.gouv.fr/avis-rendus-sur-projets-de-la-mrae-pays-de-la-a1207.html
https://www.mrae.developpement-durable.gouv.fr/avis-rendus-sur-projets-r313.html,Pays de la Loire,2022,https://www.mrae.developpement-durable.gouv.fr/avis-rendus-sur-projets-de-la-mrae-pays-de-la-a895.html
https://www.mrae.developpement-durable.gouv.fr/avis-rendus-sur-projets-r313.html,Pays de la Loire,2021,https://www.mrae.developpement-durable.gouv.fr/avis-rendus-sur-projets-de-la-mrae-pays-de-la-a793.html
https://www.mrae.developpement-durable.gouv.fr/avis-rendus-sur-projets-r313.html,Pays de la Loire,2020,https://www.mrae.developpement-durable.gouv.fr/avis-rendus-sur-projets-de-la-mrae-pays-de-la-a519.html
https://www.mrae.developpement-durable.gouv.fr/avis-rendus-sur-projets-r313.html,Pays de la Loire,2019,https://www.mrae.developpement-durable.gouv.fr/avis-rendus-sur-projets-de-la-mrae-pays-de-la-a973.html
https://www.mrae.developpement-durable.gouv.fr/avis-rendus-sur-projets-r313.html,Pays de la Loire,2018,https://www.mrae.developpement-durable.gouv.fr/avis-rendus-sur-projets-de-la-mrae-pays-de-la-a518.html
https://www.mrae.developpement-durable.gouv.fr/avis-rendus-sur-projets-r314.html,Provence-Alpes-Côte d'Azur,2025,https://www.mrae.developpement-durable.gouv.fr/avis-rendus-sur-projets-de-la-mrae-provence-alpes-a1475.html
https://www.mrae.developpement-durable.gouv.fr/avis-rendus-sur-projets-r314.html,Provence-Alpes-Côte d'Azur,2024,https://www.mrae.developpement-durable.gouv.fr/avis-rendus-sur-projets-de-la-mrae-provence-alpes-a1369.html
https://www.mrae.developpement-durable.gouv.fr/avis-rendus-sur-projets-r314.html,Provence-Alpes-Côte d'Azur,2023,https://www.mrae.developpement-durable.gouv.fr/avis-rendus-sur-projets-de-la-mrae-provence-alpes-a1208.html
https://www.mrae.developpement-durable.gouv.fr/avis-rendus-sur-projets-r314.html,Provence-Alpes-Côte d'Azur,2022,https://www.mrae.developpement-durable.gouv.fr/avis-rendus-sur-projets-de-la-mrae-provence-alpes-a867.html
https://www.mrae.developpement-durable.gouv.fr/avis-rendus-sur-projets-r314.html,Provence-Alpes-Côte d'Azur,2021,https://www.mrae.developpement-durable.gouv.fr/avis-rendus-sur-projets-de-la-mrae-paca-en-2021-a772.html
https://www.mrae.developpement-durable.gouv.fr/avis-rendus-sur-projets-r314.html,Provence-Alpes-Côte d'Azur,2020,https://www.mrae.developpement-durable.gouv.fr/avis-rendus-sur-projets-de-la-mrae-paca-en-2020-a698.html
https://www.mrae.developpement-durable.gouv.fr/avis-rendus-sur-projets-r314.html,Provence-Alpes-Côte d'Azur,2009,https://www.mrae.developpement-durable.gouv.fr/avis-rendus-sur-projets-de-la-mrae-paca-de-2009-a462.html
