region,site,dates,archive-site
Auvergne-Rhône-Alpes,https://www.mrae.developpement-durable.gouv.fr/avis-rendus-sur-projets-r304.html,[2026-2018],?
Bourgogne Franche-Comté,https://www.mrae.developpement-durable.gouv.fr/avis-rendus-sur-projets-r305.html,,ICI
Bretagne,https://www.mrae.developpement-durable.gouv.fr/avis-rendus-sur-projets-r306.html,[2026-2018],ICI
Centre-Val de Loire,https://www.mrae.developpement-durable.gouv.fr/avis-rendus-sur-projets-r307.html,[2026-2017],?
Corse,https://www.mrae.developpement-durable.gouv.fr/avis-rendus-sur-projets-r308.html,[2026-2016],?
Grand Est,https://www.mrae.developpement-durable.gouv.fr/avis-rendus-sur-projets-r302.html,[2026-2017],ICI
Guadeloupe,https://www.mrae.developpement-durable.gouv.fr/avis-rendus-sur-projets-r315.html,[2026-2017],ICI
Guyane,https://www.mrae.developpement-durable.gouv.fr/avis-rendus-sur-projets-r316.html,[2026-2018],ICI
Hauts-de-France,https://www.mrae.developpement-durable.gouv.fr/avis-rendus-sur-projets-r311.html,[2026-2018],Aisne / Somme / Nord/PdC ?
Île-de-France,https://www.mrae.developpement-durable.gouv.fr/avis-rendus-sur-projets-r309.html,[2026-2018],?
La Réunion,https://www.mrae.developpement-durable.gouv.fr/avis-rendus-sur-projets-r319.html,[2026-2018],ICI
Martinique,https://www.mrae.developpement-durable.gouv.fr/avis-rendus-sur-projets-r317.html,[2026-2017],?
Mayotte,https://www.mrae.developpement-durable.gouv.fr/avis-rendus-sur-projets-r318.html,[2026-2018],?
Nouvelle-Aquitaine,https://www.mrae.developpement-durable.gouv.fr/avis-rendus-sur-projets-r303.html,[2026-2017],ICI
Normandie,https://www.mrae.developpement-durable.gouv.fr/avis-rendus-sur-projets-r312.html,[2026-2018],?
Occitanie,https://www.mrae.developpement-durable.gouv.fr/avis-rendus-sur-projets-r310.html,[2026-2018],ICI
Pays de la Loire,https://www.mrae.developpement-durable.gouv.fr/avis-rendus-sur-projets-r313.html,[2026-2018],
Provence-Alpes-Côte d'Azur,https://www.mrae.developpement-durable.gouv.fr/avis-rendus-sur-projets-r314.html,[2026-2020],ICI
